{
    "train_loss": [
        1.9347272438576506,
        1.871228053289144,
        1.8294386582789817,
        1.8105151705239386,
        1.7322296023890638,
        1.6870038708450066,
        1.7517139672363369,
        1.6595781775436205,
        1.6826813586526188,
        1.6675341394757994,
        1.5802760293083427,
        1.5767101539192183,
        1.5613817813771957,
        1.5499443359898188,
        1.5440370517358475,
        1.528715853874157,
        1.5186607529117266,
        1.5041478719088737,
        1.5150627510523231,
        1.5094638641497125,
        1.5091680485543435,
        1.5426664626554043,
        1.471134171761776,
        1.4743328462477279,
        1.4652268153809693,
        1.4656845375065999,
        1.467733699127753,
        1.4533682048362668,
        1.4388180587832673,
        1.4773066552678746
    ],
    "val_acc": [
        0.34,
        0.3658,
        0.3928,
        0.3952,
        0.4192,
        0.436,
        0.416,
        0.4442,
        0.4188,
        0.4278,
        0.471,
        0.468,
        0.4658,
        0.4772,
        0.474,
        0.478,
        0.4804,
        0.4786,
        0.4776,
        0.4774,
        0.469,
        0.4688,
        0.4814,
        0.483,
        0.4884,
        0.4892,
        0.491,
        0.497,
        0.495,
        0.4872
    ],
    "test_acc": 0.4893
}