{
    "train_loss": [
        1.8968357994771583,
        1.805590258203909,
        1.9530060307317436,
        1.7285976816387918,
        1.6726613315935164,
        1.6927342750293024,
        1.6317981083162882,
        1.6840091024547394,
        1.5901844223654722,
        1.6771629746765773,
        1.58999356012453,
        1.5570883559727156,
        1.5333137317211623,
        1.5325318863145536,
        1.6087861378759951,
        1.5477635548483604,
        1.5080972061043154,
        1.5145417350653982,
        1.4814620794046351,
        1.445581979190522,
        1.4532081599708166,
        1.4686901113101296,
        1.4564734126728203,
        1.4203767443218749,
        1.4286216620209808,
        1.4512752120802368,
        1.4166919751978997,
        1.4449468295037577,
        1.4024524162290761,
        1.4259164906966333
    ],
    "val_acc": [
        0.3472,
        0.3684,
        0.3242,
        0.3976,
        0.421,
        0.4184,
        0.431,
        0.414,
        0.4504,
        0.4184,
        0.4456,
        0.4482,
        0.4638,
        0.4606,
        0.4316,
        0.4548,
        0.4626,
        0.4636,
        0.468,
        0.4882,
        0.482,
        0.475,
        0.4786,
        0.4894,
        0.4902,
        0.4768,
        0.4874,
        0.4814,
        0.4886,
        0.4886
    ],
    "test_acc": 0.491
}