{
    "train_loss": [
        1.9073117968716586,
        1.8244653701825002,
        1.7729719563044821,
        1.7872622161159006,
        1.7317080179327162,
        1.661587942420187,
        1.6425757657839817,
        1.6139572451843958,
        1.6169070373949495,
        1.593941445783664,
        1.6783846260301167,
        1.5539698834306714,
        1.5489818877146941,
        1.5755662501198004,
        1.5766471416807153,
        1.5198486631208845,
        1.534547980374655,
        1.5193368500924973,
        1.5084067414062572,
        1.4874452799417661,
        1.4637188570951871,
        1.4692317163282407,
        1.4716575442595108,
        1.453392824423948,
        1.4587856492485247,
        1.4564719596753821,
        1.4638230579891498,
        1.4309933718938774,
        1.4609630927990231,
        1.4368282842867264
    ],
    "val_acc": [
        0.3538,
        0.3756,
        0.395,
        0.375,
        0.4138,
        0.429,
        0.4412,
        0.4492,
        0.448,
        0.4488,
        0.408,
        0.4714,
        0.4728,
        0.4556,
        0.4468,
        0.4802,
        0.464,
        0.4644,
        0.4766,
        0.4838,
        0.4844,
        0.484,
        0.484,
        0.4918,
        0.4832,
        0.482,
        0.4816,
        0.494,
        0.4836,
        0.4918
    ],
    "test_acc": 0.4942
}