{
    "train_loss": [
        1.9173758130008416,
        1.8459111052961528,
        1.785062336595627,
        1.7456275907692929,
        1.7076182590641715,
        1.692709077490975,
        1.6676552642528863,
        1.6490076939759988,
        1.6540898886815478,
        1.6514389091992143,
        1.5981881439483419,
        1.5851167867177367,
        1.5639457994445296,
        1.5814845393920494,
        1.5512359824491504,
        1.5433711991760675,
        1.5271145029876458,
        1.5374073120127272,
        1.5147668945977038,
        1.5127809516307256,
        1.5248151959351912,
        1.48378834112791,
        1.4775095342244464,
        1.4868997475913772,
        1.472236336179599,
        1.4537791522321943,
        1.4519450229524742,
        1.445609000534089,
        1.4429233366300696,
        1.4489127201536962
    ],
    "val_acc": [
        0.3498,
        0.374,
        0.394,
        0.4092,
        0.4212,
        0.4324,
        0.4348,
        0.442,
        0.425,
        0.4316,
        0.4514,
        0.4566,
        0.4692,
        0.45,
        0.4688,
        0.462,
        0.4722,
        0.465,
        0.476,
        0.4794,
        0.4736,
        0.4864,
        0.4778,
        0.4822,
        0.487,
        0.4952,
        0.4858,
        0.4946,
        0.5004,
        0.49
    ],
    "test_acc": 0.497
}