{
    "train_loss": [
        1.9821348104661205,
        1.864805905300025,
        1.8657251796839651,
        1.757880850599739,
        1.7277438570474717,
        1.6862943119375449,
        1.6880683890136958,
        1.6711409148121832,
        1.6073008943542493,
        1.6241470897730157,
        1.5697588116103862,
        1.5467390866725512,
        1.5510715814244789,
        1.5103550811460382,
        1.5397860088358555,
        1.4998866351258695,
        1.4627164076279322,
        1.4534654720382465,
        1.4792063146671306,
        1.4429501109898268,
        1.3985105776171898,
        1.4078325448885143,
        1.4162186666046617,
        1.3936121105455963,
        1.374937813433202,
        1.3778337621357328,
        1.3921910900890637,
        1.3388076999232155,
        1.336424983615892,
        1.3582301499295097
    ],
    "val_acc": [
        0.3506,
        0.3824,
        0.373,
        0.4228,
        0.436,
        0.4486,
        0.4438,
        0.4416,
        0.4684,
        0.471,
        0.4732,
        0.4866,
        0.4794,
        0.4902,
        0.471,
        0.4932,
        0.506,
        0.5032,
        0.4924,
        0.504,
        0.5174,
        0.5152,
        0.506,
        0.5198,
        0.5192,
        0.5238,
        0.5088,
        0.5226,
        0.5254,
        0.5096
    ],
    "test_acc": 0.5204
}