{
    "train_loss": [
        2.2841481287784533,
        2.1473376693485333,
        2.0832872754990674,
        2.040614821534341,
        2.000754590404176,
        1.9832137753025367,
        1.948823928983444,
        1.9236274837704963,
        1.9034353751834963,
        1.8852638000212676,
        1.869300456502878,
        1.8652912080125157,
        1.864822046069254,
        1.8393220940113448,
        1.809769054511384,
        1.7972031736347982,
        1.7847590023678483,
        1.790482495468194,
        1.7646416083538439,
        1.7589061641373875,
        1.755277388326259,
        1.750835014022677,
        1.7255080608844566,
        1.7257577378753481,
        1.7067789913654008,
        1.7006828917680037,
        1.694513026446074,
        1.7031288651500773,
        1.7116134425352347,
        1.688428935938655
    ],
    "val_acc": [
        0.2714,
        0.3004,
        0.3228,
        0.3408,
        0.3602,
        0.3646,
        0.3766,
        0.3828,
        0.3886,
        0.3976,
        0.3954,
        0.4032,
        0.3982,
        0.4088,
        0.4278,
        0.4306,
        0.4252,
        0.4292,
        0.437,
        0.4386,
        0.4408,
        0.4366,
        0.449,
        0.4486,
        0.4592,
        0.4566,
        0.464,
        0.4478,
        0.446,
        0.4554
    ],
    "test_acc": 0.447
}