{
    "train_loss": [
        1.9453011770210489,
        1.8665216332347847,
        1.7726803288936075,
        1.7501127486116415,
        1.7299769403256453,
        1.6912680806862572,
        1.6226858119598475,
        1.6613527712178073,
        1.6182025007028797,
        1.5797725231918833,
        1.6004106084850425,
        1.5690393097984372,
        1.5577525518517956,
        1.5359671156129697,
        1.5718532326029386,
        1.5285475825821904,
        1.5110316656472722,
        1.487633456482531,
        1.4868626856498042,
        1.522805136792001,
        1.4741292598875593,
        1.4693633161312738,
        1.4509896252068117,
        1.5095433878155526,
        1.4424965799561362,
        1.4377653344348533,
        1.4505233646465043,
        1.4287363779143345,
        1.4302314332394632,
        1.4253049748209075
    ],
    "val_acc": [
        0.3274,
        0.3642,
        0.4092,
        0.4078,
        0.409,
        0.4112,
        0.4542,
        0.4408,
        0.4468,
        0.4544,
        0.4514,
        0.4638,
        0.4532,
        0.464,
        0.4408,
        0.469,
        0.477,
        0.4798,
        0.4874,
        0.4768,
        0.484,
        0.4786,
        0.4876,
        0.4636,
        0.494,
        0.4962,
        0.4876,
        0.4986,
        0.494,
        0.4942
    ],
    "test_acc": 0.4967
}