{
    "train_loss": [
        1.9587356923924226,
        1.8598935944316706,
        1.7976310616037938,
        1.7741702271048043,
        1.7811066554293458,
        1.7154517628450785,
        1.6848152207534477,
        1.6577645037370101,
        1.642620286975331,
        1.6290962654423269,
        1.6124718265812215,
        1.5999177722863926,
        1.6184734527192026,
        1.5936147440248316,
        1.5772241705104888,
        1.567728722727797,
        1.5535304158177567,
        1.5432257240461427,
        1.5356280851898299,
        1.5457064520264716,
        1.5274240196067908,
        1.5358082094987568,
        1.5203083903154373,
        1.5060971754041592,
        1.492572585715213,
        1.4892539955675501,
        1.4817912643001545,
        1.4967865524206174,
        1.4869116889784482,
        1.4831826824013832
    ],
    "val_acc": [
        0.327,
        0.367,
        0.4006,
        0.4066,
        0.3884,
        0.423,
        0.43,
        0.4394,
        0.4386,
        0.446,
        0.453,
        0.4572,
        0.4488,
        0.4574,
        0.4602,
        0.4694,
        0.4686,
        0.4716,
        0.4732,
        0.4686,
        0.4778,
        0.472,
        0.4688,
        0.4802,
        0.4894,
        0.4864,
        0.4872,
        0.48,
        0.4806,
        0.4828
    ],
    "test_acc": 0.483
}