{
    "train_loss": [
        2.009575949127318,
        1.8389580858637051,
        1.7277062890266137,
        1.7186707950288191,
        1.6580021006950947,
        1.674138162456182,
        1.62248037000781,
        1.5749053139356368,
        1.5439241668669101,
        1.5463400065022637,
        1.5212884808585927,
        1.5228066657281378,
        1.5201441479068432,
        1.4937833129464826,
        1.4916519408085835,
        1.4648398237314209,
        1.4477990147046529,
        1.4614474530818837,
        1.4127858531384614,
        1.4340515437495185,
        1.432352376495896,
        1.3946002430975588,
        1.4261950880993526,
        1.3837105527673947,
        1.3654105799912395,
        1.3929416713701135,
        1.3703162082406979,
        1.3543434720726617,
        1.3398902984359833,
        1.3368631673033629
    ],
    "val_acc": [
        0.3116,
        0.3604,
        0.4166,
        0.399,
        0.4292,
        0.4264,
        0.438,
        0.469,
        0.4702,
        0.4668,
        0.4754,
        0.4738,
        0.4634,
        0.4808,
        0.4714,
        0.487,
        0.4988,
        0.4892,
        0.5056,
        0.4892,
        0.4806,
        0.501,
        0.4966,
        0.5042,
        0.5092,
        0.5054,
        0.501,
        0.5058,
        0.5138,
        0.5108
    ],
    "test_acc": 0.5186
}