{
    "train_loss": [
        2.0054598612931387,
        1.9046757333008437,
        1.7836025522537207,
        1.7961863104055418,
        1.709530498158871,
        1.6819630810478716,
        1.6733728106967265,
        1.6422526067462517,
        1.5868639358995278,
        1.6138966342517944,
        1.6147673883779128,
        1.5310302801303122,
        1.5051566974315278,
        1.6028107075869267,
        1.4793015032436116,
        1.489037805657512,
        1.4720495699751999,
        1.4778681412073718,
        1.453943691136678,
        1.5155530978805567,
        1.4602262888352273,
        1.4466647707395428,
        1.4270812826192494,
        1.4080809569886366,
        1.3946768782130594,
        1.3722081203359024,
        1.3666822964971048,
        1.3979726697168875,
        1.363678037945554,
        1.369182441350221
    ],
    "val_acc": [
        0.3328,
        0.3662,
        0.4166,
        0.4012,
        0.4396,
        0.4532,
        0.4498,
        0.446,
        0.4704,
        0.4596,
        0.4714,
        0.4882,
        0.4926,
        0.4522,
        0.5036,
        0.5062,
        0.4944,
        0.4926,
        0.4956,
        0.4822,
        0.496,
        0.4986,
        0.5012,
        0.511,
        0.5184,
        0.5242,
        0.5276,
        0.5188,
        0.5218,
        0.5124
    ],
    "test_acc": 0.5188
}