{
    "train_loss": [
        1.8718594135761704,
        1.8386147004045128,
        1.7390673356664472,
        1.748975797559616,
        1.7158922387828097,
        1.6296429100903902,
        1.617466313332302,
        1.6242255302632842,
        1.6027175683486572,
        1.5214507124311434,
        1.521818400353197,
        1.5280742664981606,
        1.5548433848936631,
        1.4874178221136958,
        1.4911090194096734,
        1.472655352587412,
        1.4640339200259933,
        1.427356027449225,
        1.4728833884062114,
        1.4287428807093234,
        1.4133589596909868,
        1.3989807460845352,
        1.3914444000920545,
        1.416976055700243,
        1.3867675198467533,
        1.4130303350595694,
        1.3747556220601023,
        1.3508792808954262,
        1.3846133149945674,
        1.3511819096127282
    ],
    "val_acc": [
        0.3494,
        0.3398,
        0.384,
        0.3794,
        0.3824,
        0.4252,
        0.4286,
        0.4076,
        0.4242,
        0.4662,
        0.4504,
        0.4592,
        0.4306,
        0.4628,
        0.4622,
        0.4688,
        0.4666,
        0.4812,
        0.4632,
        0.4822,
        0.4858,
        0.4922,
        0.4854,
        0.4816,
        0.486,
        0.482,
        0.4874,
        0.4978,
        0.4792,
        0.5002
    ],
    "test_acc": 0.5008
}