{
    "train_loss": [
        2.0214905063424466,
        1.8376365877685994,
        1.761740358729505,
        1.8452144824260999,
        1.7689787384549058,
        1.6677584507447245,
        1.6286354137293477,
        1.731785058160434,
        1.657337368346938,
        1.574390321455078,
        1.5954276653871833,
        1.58518705365206,
        1.5744230570758995,
        1.5836775904861702,
        1.5664054973116968,
        1.548924757357202,
        1.5240320345674043,
        1.5409020849596033,
        1.4895338693511273,
        1.5372286599457476,
        1.4588508654767034,
        1.4687410978698323,
        1.485766658296927,
        1.4394751924324143,
        1.4357422362655798,
        1.4490354107390682,
        1.447392554173947,
        1.4203864690035652,
        1.4368615943944323,
        1.4103767570940824
    ],
    "val_acc": [
        0.3112,
        0.3826,
        0.4036,
        0.3576,
        0.4032,
        0.4332,
        0.4524,
        0.4044,
        0.429,
        0.4594,
        0.4526,
        0.4556,
        0.4522,
        0.455,
        0.4534,
        0.4606,
        0.473,
        0.4572,
        0.4818,
        0.4606,
        0.4866,
        0.4756,
        0.4742,
        0.4924,
        0.4916,
        0.4866,
        0.4874,
        0.4996,
        0.4882,
        0.4906
    ],
    "test_acc": 0.5003
}