{
    "train_loss": [
        1.965260640937949,
        1.8845463768074344,
        1.8306690455504948,
        1.801884045658389,
        1.7718300209164473,
        1.7591906059248439,
        1.7336063863364497,
        1.704906867152987,
        1.6994281017517678,
        1.673695189944104,
        1.672440395539009,
        1.682433929567372,
        1.644819068072968,
        1.6224542359239857,
        1.6224069990899315,
        1.6031012617798022,
        1.6039017773672646,
        1.6078090070259168,
        1.585223173776349,
        1.5790440639828267,
        1.5679394251732992,
        1.5664965316391912,
        1.5555946272778487,
        1.5520245858975894,
        1.5451950430115917,
        1.536847953175972,
        1.5347993393041695,
        1.532219837982099,
        1.5235795396500595,
        1.5271073854246118
    ],
    "val_acc": [
        0.335,
        0.3738,
        0.3958,
        0.3948,
        0.4042,
        0.4098,
        0.415,
        0.43,
        0.426,
        0.4398,
        0.4366,
        0.4296,
        0.4372,
        0.4536,
        0.4454,
        0.4574,
        0.4538,
        0.4528,
        0.4562,
        0.4612,
        0.4658,
        0.4668,
        0.4696,
        0.4728,
        0.4728,
        0.4754,
        0.4738,
        0.4732,
        0.4808,
        0.4734
    ],
    "test_acc": 0.4735
}