{
    "train_loss": [
        2.003354400244528,
        1.8370918199429933,
        1.85419402958229,
        1.7423368101540626,
        1.7191175009801816,
        1.6784423092049383,
        1.6392946750942337,
        1.6398071581657179,
        1.6993468525784245,
        1.6418693413183245,
        1.5886743251352773,
        1.6054519178170967,
        1.5591776564253408,
        1.5267396216675488,
        1.6021568598724811,
        1.5309338132708563,
        1.5159517115397199,
        1.5114718132268643,
        1.4778358149783315,
        1.4795517517710248,
        1.5394853017690426,
        1.467813876057988,
        1.46719517709788,
        1.448566084545557,
        1.4393653438025744,
        1.453685274768753,
        1.4450060684920683,
        1.4430356526254338,
        1.434768480454554,
        1.4104670435368811
    ],
    "val_acc": [
        0.3128,
        0.3728,
        0.3608,
        0.4098,
        0.4158,
        0.422,
        0.4478,
        0.4502,
        0.4192,
        0.4422,
        0.4526,
        0.4586,
        0.4698,
        0.4776,
        0.444,
        0.4742,
        0.4778,
        0.4804,
        0.4902,
        0.483,
        0.457,
        0.4922,
        0.4864,
        0.4952,
        0.4922,
        0.4882,
        0.492,
        0.4882,
        0.4942,
        0.5028
    ],
    "test_acc": 0.4997
}