{
    "train_loss": [
        2.0694890428136095,
        1.9675433233895678,
        1.9382750885316589,
        1.8557486100456289,
        1.8077695222958516,
        1.8401516816007537,
        1.7788480456421947,
        1.7548908099838416,
        1.6721162678045087,
        1.6837339685288968,
        1.6687919637876811,
        1.628795973943978,
        1.6290393824830907,
        1.6274580131663305,
        1.6233560383111272,
        1.5827629968727381,
        1.5601175047551155,
        1.5334174170366146,
        1.516526759159765,
        1.5112565992523959,
        1.4938124114439275,
        1.4924036039045343,
        1.4900843254826204,
        1.54467108762206,
        1.4749117741993103,
        1.4656421883993846,
        1.4563177683920192,
        1.4324344041115806,
        1.4449020046142083,
        1.430939899287531
    ],
    "val_acc": [
        0.3504,
        0.3932,
        0.409,
        0.434,
        0.4358,
        0.4348,
        0.4476,
        0.458,
        0.4812,
        0.4722,
        0.4768,
        0.4924,
        0.4798,
        0.4832,
        0.4718,
        0.4948,
        0.4998,
        0.507,
        0.5152,
        0.5176,
        0.5188,
        0.5156,
        0.5078,
        0.4916,
        0.5146,
        0.5076,
        0.5136,
        0.5216,
        0.517,
        0.5212
    ],
    "test_acc": 0.5204
}