{
    "train_loss": [
        1.9574855828944142,
        1.831758848582163,
        1.792220782296768,
        1.7606145314129178,
        1.7117733109879114,
        1.7036484386895507,
        1.7094233583730034,
        1.6990147539315508,
        1.7206830021345791,
        1.6578671803440073,
        1.6203922304267175,
        1.648589680513127,
        1.6012539901720695,
        1.6002565338421613,
        1.5455982848472782,
        1.559254500498508,
        1.543978011447548,
        1.5203693789274877,
        1.5141779040489953,
        1.5536200127172983,
        1.5093244090442375,
        1.4871553614206794,
        1.4862589785512532,
        1.487173987094653,
        1.4677377699568366,
        1.466286549214522,
        1.4487265111055712,
        1.4813940282987819,
        1.4441189710383968,
        1.4495064802888893
    ],
    "val_acc": [
        0.333,
        0.3766,
        0.3894,
        0.402,
        0.414,
        0.4204,
        0.4186,
        0.4212,
        0.4138,
        0.4362,
        0.443,
        0.423,
        0.4494,
        0.443,
        0.469,
        0.4646,
        0.47,
        0.4656,
        0.4666,
        0.4538,
        0.4684,
        0.4776,
        0.472,
        0.4744,
        0.483,
        0.4842,
        0.4828,
        0.4784,
        0.4892,
        0.4856
    ],
    "test_acc": 0.4875
}