{
    "train_loss": [
        2.050141545066959,
        1.9547797362169503,
        1.9107100400250274,
        1.8772299623198114,
        1.8483396479282723,
        1.8316243445373988,
        1.8132805700062824,
        1.7952158706652088,
        1.7827269684817626,
        1.767462704746447,
        1.7530469306189773,
        1.7465413229933353,
        1.7334402184003879,
        1.7230412713118197,
        1.7101507726634995,
        1.7043252249320682,
        1.6921458691215991,
        1.6835257572602855,
        1.6777551719030885,
        1.6711480662644478,
        1.6672611772427148,
        1.6630132161907227,
        1.659725943657165,
        1.6454489753006456,
        1.644774711423048,
        1.6401938232028217,
        1.6398637348816096,
        1.6297572340920201,
        1.6204011242216254,
        1.6195899164816683
    ],
    "val_acc": [
        0.3066,
        0.3474,
        0.3596,
        0.3664,
        0.3778,
        0.3914,
        0.3862,
        0.4026,
        0.4002,
        0.4088,
        0.4126,
        0.4168,
        0.419,
        0.4222,
        0.4302,
        0.4314,
        0.4336,
        0.443,
        0.4374,
        0.447,
        0.4436,
        0.4406,
        0.4372,
        0.4498,
        0.4434,
        0.4444,
        0.4506,
        0.451,
        0.4544,
        0.4548
    ],
    "test_acc": 0.4464
}