{
    "train_loss": [
        1.9056452820494019,
        1.895362723231033,
        1.7751855079548386,
        1.7282695934764765,
        1.676883336006031,
        1.7153856061857573,
        1.7692486653973516,
        1.6024192346588626,
        1.5989226891870378,
        1.576072484092576,
        1.5851740607670661,
        1.6256590244882405,
        1.5590991305919426,
        1.5351320128509955,
        1.514401784413822,
        1.5131797509469185,
        1.506179172650163,
        1.5187451303723676,
        1.5018501018649202,
        1.4606601001812085,
        1.4745917353996023,
        1.4642430224429726,
        1.4424226889791854,
        1.4406738017557876,
        1.439432291586237,
        1.420913724588402,
        1.4207295557720045,
        1.4169362612046819,
        1.4241748685430307,
        1.4059887394410548
    ],
    "val_acc": [
        0.3534,
        0.3476,
        0.3928,
        0.4048,
        0.4286,
        0.4098,
        0.4032,
        0.4578,
        0.4486,
        0.4532,
        0.4628,
        0.4174,
        0.4656,
        0.4642,
        0.4642,
        0.4696,
        0.4654,
        0.4654,
        0.4586,
        0.4852,
        0.4896,
        0.4856,
        0.4912,
        0.4904,
        0.4926,
        0.4946,
        0.4934,
        0.495,
        0.4908,
        0.494
    ],
    "test_acc": 0.502
}