{
    "train_loss": [
        1.9360296129547419,
        1.8305325263555647,
        1.741359702370559,
        2.0141733729159133,
        1.6606597282869282,
        1.6002798359314114,
        1.6308002490138664,
        1.5943591121461158,
        1.5684132737505803,
        1.5463619089939622,
        1.5373428680432113,
        1.5572237691304445,
        1.5528456794822783,
        1.4883392759854042,
        1.4729113379759393,
        1.472740036355391,
        1.5200305093332387,
        1.4563328431554003,
        1.476170194478382,
        1.4360829075624042,
        1.411118140999998,
        1.4468743773209973,
        1.4174764163375635,
        1.4031201114927114,
        1.3916260936983533,
        1.38376590383115,
        1.385527750004951,
        1.3600445723664198,
        1.3609200707262954,
        1.3628136496574352
    ],
    "val_acc": [
        0.307,
        0.3502,
        0.39,
        0.3468,
        0.4252,
        0.4452,
        0.4276,
        0.4422,
        0.4456,
        0.4596,
        0.458,
        0.4544,
        0.4566,
        0.47,
        0.4756,
        0.4752,
        0.4496,
        0.4834,
        0.4654,
        0.4838,
        0.4934,
        0.4698,
        0.4884,
        0.4902,
        0.4974,
        0.4974,
        0.4932,
        0.505,
        0.504,
        0.5006
    ],
    "test_acc": 0.5018
}