{
    "train_loss": [
        2.0908109574942397,
        1.7800879497358093,
        1.6904281462916793,
        1.6794762213164678,
        1.62344628827676,
        1.6163199392870546,
        1.5801839799190447,
        1.5322771756270328,
        1.527418433466796,
        1.5099411865373813,
        1.5399328317900691,
        1.4842418104064141,
        1.4622758434086822,
        1.495545876218451,
        1.4616529235400828,
        1.4452807700003463,
        1.4262224746953664,
        1.421406481504371,
        1.4132623559634654,
        1.4201247321719264,
        1.4018627068678406,
        1.4383132871659436,
        1.4027964218725082,
        1.3764601960831468,
        1.369882324052783,
        1.3659196778817773,
        1.3598860372915276,
        1.3530446334360866,
        1.3802575828533359,
        1.3533733274683173
    ],
    "val_acc": [
        0.249,
        0.3654,
        0.4098,
        0.4112,
        0.4264,
        0.4302,
        0.4442,
        0.4538,
        0.4586,
        0.4622,
        0.4476,
        0.4714,
        0.4712,
        0.4694,
        0.4668,
        0.478,
        0.4802,
        0.4848,
        0.4814,
        0.4796,
        0.4848,
        0.468,
        0.4806,
        0.4864,
        0.4886,
        0.4914,
        0.4962,
        0.4952,
        0.4778,
        0.4964
    ],
    "test_acc": 0.4901
}