{
    "train_loss": [
        1.9631497628643277,
        1.9034172857824996,
        1.770824353742548,
        1.7294092760127118,
        1.6920423411963024,
        1.661867602852183,
        1.6569776583702456,
        1.6665387557199431,
        1.6002338885480882,
        1.6237884893092758,
        1.5773045676709232,
        1.5917336552914096,
        1.5635373961095549,
        1.5574825697970267,
        1.5457251316108687,
        1.5176585334690904,
        1.5241318860331245,
        1.5210500176589512,
        1.5054663610089116,
        1.4781953188668422,
        1.4865550965531593,
        1.4782776588253126,
        1.4793220178986302,
        1.4790398128099778,
        1.533412410975619,
        1.4398608953830832,
        1.4625606787352143,
        1.4865414636958783,
        1.4821891062993624,
        1.4488311873050415
    ],
    "val_acc": [
        0.3272,
        0.3474,
        0.392,
        0.4142,
        0.421,
        0.4384,
        0.4318,
        0.4342,
        0.4564,
        0.4344,
        0.4612,
        0.4478,
        0.463,
        0.4584,
        0.4682,
        0.4788,
        0.4756,
        0.47,
        0.4734,
        0.489,
        0.4804,
        0.4836,
        0.4844,
        0.477,
        0.4642,
        0.4988,
        0.4872,
        0.4786,
        0.4744,
        0.4906
    ],
    "test_acc": 0.4867
}