{
    "train_loss": [
        1.9781107888749134,
        1.8811776450289002,
        2.003918977846308,
        1.7229179419002316,
        1.7616151030037814,
        1.779092937464729,
        1.6304914660053487,
        1.6161919577153616,
        1.6193757931094375,
        1.5828736517511235,
        1.5820932392359035,
        1.5649390539861103,
        1.566845400201002,
        1.5427370800565523,
        1.526018403618809,
        1.5368059038307906,
        1.5623189741491856,
        1.499075482055736,
        1.5022431362410196,
        1.4796822752165255,
        1.4609732637992965,
        1.4578906817305397,
        1.4641155411313775,
        1.4355871948956733,
        1.4482750367240613,
        1.4352512254175536,
        1.4359809348556634,
        1.4185008883610044,
        1.4498659936158675,
        1.4405496053812537
    ],
    "val_acc": [
        0.3064,
        0.3578,
        0.2982,
        0.4134,
        0.4074,
        0.3906,
        0.4468,
        0.451,
        0.46,
        0.4552,
        0.4588,
        0.4564,
        0.4538,
        0.4746,
        0.4768,
        0.4734,
        0.4534,
        0.4786,
        0.4778,
        0.4804,
        0.483,
        0.4956,
        0.4916,
        0.4918,
        0.4862,
        0.4962,
        0.4932,
        0.4924,
        0.4908,
        0.489
    ],
    "test_acc": 0.487
}